,Hotel_name,Location,Price,Discount,Passengers
0,Capital O 80951 Hotel Radisson Suite,"India, Mumbai",2819.0,65% off,104.0
1,OYO SilverKey Hotel Manas Residency,"Chembur East, Mumbai",2702.0,65% off,410.0
2,OYO Hotel Airport Metro Near Chhatrapati Shivaji International Airport,"Andheri East, Mumbai",2289.0,64% off,879.0
3,Collection O Hotel Kiwi International Near Chhatrapati Shivaji International Airport,"Andheri East, Mumbai",2094.0,66% off,75.0
4,OYO Druv's Taj Palace Near Chhatrapati Shivaji International Airport,"Near Asalpha Metro Station, Dhumai Estate, Mumbai",2656.0,65% off,686.0
5,Collection O Collection O Hotel Jayshree Domestic Airport,"Vile Parle East, Mumbai",3127.0,65% off,588.0
6,OYO Hotel Blue Executive Near Chhatrapati Shivaji International Airport,"On main street, Near Saki Vihar complex, Sakinaka,Mumbai",2772.0,65% off,1875.0
7,OYO Blue Pearl Residency Near Chhatrapati Shivaji International Airport,"On main street, Near Asalpha Metro Station, Ghatkopar, Mumbai",1921.0,65% off,995.0
8,OYO Hotel Blue Sapphire Residency Near Chhatrapati Shivaji International Airport,"Near The Crescent Business Park, Sakinaka, Mumbai",2220.0,65% off,1144.0
9,OYO Hotel Blue Sea Near Chhatrapati Shivaji International Airport,"On main street, Near Asalpha Metro Station, Ghatkopar, Mumbai",1921.0,65% off,2051.0
10,Super OYO Hotel Divine Residency Near Phoenix Marketcity,"Near Chirag Nagar Police Station, LBS Marg, Mumbai",4069.0,65% off,644.0
11,Capital O Hotel Adore Palace,"Sakinaka Jharimari Link Road, Mumbai",2092.0,66% off,34.0
12,OYO Hotel Greenforest Near Airport Road Metro Station,"Near Axis Bank, Customs Colony, Mumbai",2247.0,67% off,664.0
13,Capital O Hotel Pearl Near US Embassy,"Near Wajan Kata Bus Stop, Indira Nagar, Mumbai",2896.0,65% off,119.0
14,OYO Anjali Hotel Mumbai,"Near Kanti Nagar, Andheri East, Mumbai",2535.0,67% off,477.0
15,OYO Rana Residency Near Western Express Highway Metro Station,"Tolany Naka, Sher-e-Punjab Colony, Mumbai",1916.0,67% off,589.0
16,Flagship The Mumbai Inn Near Chhatrapati Shivaji International Airport,"The Mumbai Inn 90 Feet Road Next To Peninsula Near Tilak Nagar Gate Sakinaka Mumbai, Mumbai",1863.0,67% off,470.0
17,OYO Royal Inn Near Versova Beach,"Near Jankidevi Public School Road, Varsova, Mumbai",2740.0,67% off,465.0
18,Capital O Hotel Zaid International NEAR L&T Sakinaka & IIT POWAI,"Near Huntsman Building, Marol, Mumbai",3273.0,65% off,711.0
19,OYO Flagship Om Residency Near Airport Road Metro Station,"Near Ganesh nagar, Marol, Mumbai",2530.0,67% off,16.0
20,SPOT ON Yatra Inn Near Lalbagh Botanical Garden,"Lalbagh, Bangalore",1040.0,64% off,2617.0
21,OYO Townhouse 180 Jayanagar ,"Near Sagar Hospital, Tilak Nagar, Bangalore",1828.0,67% off,3524.0
22,Super OYO Townhouse OAK Spruce Hotels A2 Indiranagar,"India, Bangalore",1423.0,75% off,253.0
23,Super OYO Collection O Sabharwal Residency Near Lalbagh Botanical Garden,"Opposite Shanthinagar, Bangalore",1410.0,65% off,429.0
24,OYO Townhouse Chic 364 Richmond Road Near Cubbon Park,"Near Baldwin Women College, Richmond Town, Bengaluru",2082.0,65% off,1457.0
25,OYO Hotel Townhall,"Near Dhanlakshmi Bank, JC Road, Bangalore",1070.0,65% off,1144.0
26,Collection O Hotel Hemadri Residency,"Opp Saraswati Kalyana Mantapa, Bangalore",872.0,67% off,74.0
27,Super OYO Capital O Boulevard Elite Madiwala Near Ragigudda Sri Prasanna Anjanayeswamy Temple,"B T M Layout, Bangalore",1365.0,66% off,2664.0
28,OYO Sai Ram Residency,"Cubbonpet Main Road, Bangalore",1092.0,67% off,207.0
29,Super OYO  Design Oyo Townhouse OAK Clove Boutique Hotel Rajaji Nagar,"4th Block, Rajaji Nagar, Bangalore",3053.0,65% off,1360.0
30,SPOT ON Hotel Relax Inn Near Banashankari Metro Station,"Banashankari 3rd Stage, Bangalore",645.0,77% off,69.0
31,Super OYO Townhouse 385 Navya International Ramamurthy Nagar Near Phoenix Marketcity,"Near Rammamurthynagar Police Station, Bangalore",1274.0,67% off,2655.0
32,OYO Sree Balaji Residency,"Agrahara Dasarahalli, Rajaji Nagar, Bangalore",907.0,67% off,360.0
33,Super OYO Townhouse 238 Tierra Woods Near Halasuru Metro Station,"Halasuru, Bangalore",2276.0,65% off,1675.0
34,Capital O Champion Lotus Near Mantri Square Mall,"Near IIFT, Vijayanagar, Bangalore",1339.0,65% off,1342.0
35,Capital O Premium Hotel Victoria Heights Near Sri Someshwara Swami Temple,"Near St.Philomena's Hospital, Xavier Layout, Bangalore",1508.0,67% off,957.0
36,Townhouse OAK SRK White Inn Near Ragigudda Sri Prasanna Anjaneyaswamy Temple,"Koramangala, Bangalore",1427.0,65% off,1603.0
37,OYO Hotel Silver House Near Mantri Square Mall,"Arghar Dasrahalli Near Madhu Hospital Opp Maharaja Tent House Reliance Smart Building Magadi Main Road, Bangalore",844.0,65% off,494.0
38,Varcity Emerald Near Ragigudda Sri Prasanna Anjaneyaswamy Temple,"Near KEB Colony, BTM Layout 1, Bangalore",879.0,65% off,1965.0
39,Collection O Hotel Palm Tree,"Near Halasuru Metro Station, Ulsoor, Bangalore",2566.0,65% off,1271.0
40,Super OYO Townhouse 385 Navya International Ramamurthy Nagar Near Phoenix Marketcity,"Near Rammamurthynagar Police Station, Bangalore",1274.0,67% off,2655.0
41,Collection O Hotel Tiara Near Christ university,"Tavarekere Main Rd, Bangalore",1175.0,67% off,644.0
42,Townhouse OAK SRK White Inn Near Ragigudda Sri Prasanna Anjaneyaswamy Temple,"Koramangala, Bangalore",1427.0,65% off,1603.0
43,OYO Sai Ram Residency,"Cubbonpet Main Road, Bangalore",1092.0,67% off,207.0
44,Super OYO Nar Comforts Near Majestic & near KSR Railway station,"NAR Comforts,13, G.K temple street, opp. Vijayalaxmi theater, Chickpet, Bangalore",1338.0,64% off,1682.0
45,Flagship Hotel Royal Comfort Near Cubbon Park,"Gandhinagar, Bangalore",1357.0,65% off,60.0
46,Super OYO Capital O Choice Regal Suites Near Ragigudda Sri Prasanna Anjanayeswamy Temple,"Centrally Located, Near Sagar Hospital, Hombegowda Nagar, Bangalore",1753.0,65% off,1337.0
47,Capital O Champion Lotus Near Mantri Square Mall,"Near IIFT, Vijayanagar, Bangalore",1339.0,65% off,1342.0
48,OYO Hotel Blue Inn,"Near Bilal masjid, Gurappanapalya, Bangalore",1351.0,67% off,1393.0
49,OYO Hotel Silver House Near Mantri Square Mall,"Arghar Dasrahalli Near Madhu Hospital Opp Maharaja Tent House Reliance Smart Building Magadi Main Road, Bangalore",844.0,65% off,494.0
50,Super OYO Flagship Vsv Avenue Hennur Near Sri Amruth Chithra Mandira," landmark Krishna Medical Store) Oposite Krishna Leela Grand Hotel, Bangalore",1264.0,65% off,299.0
51,Super OYO  Design Oyo Townhouse OAK Clove Boutique Hotel Rajaji Nagar,"4th Block, Rajaji Nagar, Bangalore",3053.0,65% off,1360.0
52,Collection O Hotel Palm Tree,"Near Halasuru Metro Station, Ulsoor, Bangalore",2566.0,65% off,1271.0
53,OYO Townhouse 76427 Hotel Skyline Near Banashankari Metro Station,"B S K 2nd Stage, Bangalore",1406.0,65% off,352.0
54,OYO Flagship HOTEL SKYSPACE Near Hare Krishna Hill,"Yeswantpur Near Railway Station, Bangalore",1140.0,65% off,358.0
55,SPOT ON 810480 Canton Lodging And Boarding,"Karnataka, Bangalore",872.0,67% off,17.0
56,Collection O Onyx International Near Ragigudda Sri Prasanna Anjaneyaswamy Temple,"Karnatakanull, Bangalore",1334.0,67% off,332.0
57,OYO Mn Residency Near Ragigudda Sri Prasanna Anjaneyaswamy Temple,"Madiwala,  South Zone, Bengaluru, Bangalore South, Bangalore Urban, Karnataka, - 560034, India Bangalore.",1257.0,67% off,1061.0
58,OYO Home Leva Homes Near Baiyappanahalli Metro Station,"Mahadevapura Zone, Bangalore",1236.0,65% off,1013.0
59,Super OYO Capital O Chetana Inn,"Centrally Located, Near Shanti Niketan School, Kodigehalli, Bangalore",1352.0,64% off,1549.0
60,Super OYO Capital O Choice Regal Suites Near Ragigudda Sri Prasanna Anjanayeswamy Temple,"Centrally Located, Near Sagar Hospital, Hombegowda Nagar, Bangalore",1753.0,65% off,1337.0
61,Super OYO Capital O Blooms Stay Inn Near Snow City,"Bangalore Urban, Bangalore",2063.0,65% off,663.0
62,Super OYO Townhouse 273 Hosur Main Road Bommanahalli Near Gopalan Innovation Mall,"Near krishna Theature Bommanahalli, Hosur main road, Bangalore",2302.0,65% off,1983.0
63,OYO Nra Residency Near Rajarajeshwari Nagar Metro Station,"Rajarajeshwari Nagar, Bangalore",759.0,68% off,416.0
64,Super OYO Flagship Vsv Avenue Hennur Near Sri Amruth Chithra Mandira," landmark Krishna Medical Store) Oposite Krishna Leela Grand Hotel, Bangalore",1264.0,65% off,299.0
65,Super OYO Capital O SS Suites Near Ragigudda Sri Prasanna Anjaneyaswamy Temple,Above Vishal Mega mart,1513.0,67% off,1488.0
66,Collection O Nandi Comforts,"Yeshwantpur, Bangalore",872.0,70% off,52.0
67,Flagship Hotel Royal Comfort Near Cubbon Park,"Gandhinagar, Bangalore",1357.0,65% off,60.0
68,Capital O Hotel Shanti Nivas Near Hare Krishna Hill,"Near Yeshwanthpur , Sri Raghavendra Layout, Bangalore",1159.0,65% off,807.0
69,Capital O Prime Residency,"Near Perseverance HBR, Saint Thomas Town, Bangalore",1339.0,65% off,795.0
70,Capital O Safari Rooms Near Snow City,"India Bangalore Karnatakaindia, Bangalore",1316.0,68% off,160.0
71,Super OYO Capital O Chetana Clove,"Near Shanti Niketan School, Maruthinagar, Bangalore",1397.0,65% off,1653.0
72,Super OYO Collection O 85404 Valleyton Park,"Near Manyata Tech Park,HBR Layout,Outer Ring Road,Bangalore",1261.0,68% off,593.0
73,OYO Townhouse 76427 Hotel Skyline Near Banashankari Metro Station,"B S K 2nd Stage, Bangalore",1406.0,65% off,352.0
74,OYO Flagship HOTEL SKYSPACE Near Hare Krishna Hill,"Yeswantpur Near Railway Station, Bangalore",1140.0,65% off,358.0
75,SPOT ON Janapriya Lodge Near Hare Krishna Hill,"Bangalore Urban, Bangalore",781.0,67% off,372.0
76,Santa Maria Near Indiranagar Metro Station,"Jeevan Bhima Nagar, Bangalore",1384.0,65% off,707.0
77,Super OYO Townhouse 149 Siri Residency,"Bhuvaneswari Nagar, Bangalore",1716.0,64% off,887.0
78,Super OYO Capital O High end Withinn Hotel Near Hare Krishna Hill,"Near NIAS, Mathikere Extension, Bangalore",1873.0,65% off,993.0
79,Collection O Royal Elevar,"Dasarahalli, Bangalore",1018.0,65% off,630.0
80,OYO Mn Residency Near Ragigudda Sri Prasanna Anjaneyaswamy Temple,"Madiwala,  South Zone, Bengaluru, Bangalore South, Bangalore Urban, Karnataka, - 560034, India Bangalore.",1257.0,67% off,1061.0
81,OYO The Royal International Hotel,"Near Robert Bosch Company, Mangammanapalya, Bangalore",1140.0,65% off,822.0
82,SPOT ON 76191 Sahara Lodge,"Yeshwanthapura, Bangalore",670.0,68% off,353.0
83,OYO Hotel Golden Arch Near Palace Ground,"Near Vijayanagar police station, MC Layout, Bangalore",1077.0,67% off,202.0
84,Collection O Onyx International Near Ragigudda Sri Prasanna Anjaneyaswamy Temple,"Karnatakanull, Bangalore",1334.0,67% off,332.0
85,Collection O Hotel Supreme Suites Near Sri Amruth Chithra Mandira,"14/15 14 And 15 L V Complex Munireddy Layout Horamavu Banaswadi, Bangalore",1023.0,67% off,126.0
86,Collection O Hotel Status Executive Room's,"Near Old Airport Road, Bangalore",1344.0,69% off,39.0
87,Super OYO Collection O Ctc Gardenia Residency Near Lalbagh Botanical Garden,"Opp Urvashi Theatre, Bangalore",1921.0,65% off,318.0
88,SPOT ON Srinivasa Boarding And Lodging Near Vijayanagar Metro Station,"Near N R Colony, Sajjepalya, Bangalore",670.0,67% off,432.0
89,OYO Flagship 37297 N R Deluxe,"Near Prashant Hospital, Bangalore",649.0,85% off,59.0
90,Capital O N R Comforts Near Nexus Mall Koramangala,"Koramangala, Bangalore",1095.0,64% off,178.0
91,Capital O Royal Manyata,"Gate Number 4, Bangalore",1194.0,65% off,854.0
92,Super OYO Townhouse 490 Indiranagar Extn,"Bangalore, Bangalore",1473.0,67% off,923.0
93,Collection O Sln Suites,"Behind Baptist Hospital, Hebbal",1670.0,65% off,244.0
94,Capital O Elite Stay Jp Nagar Near Ragigudda Sri Prasanna Anjaneyaswamy Temple,"6th Phase, Bangalore",1452.0,65% off,926.0
95,Flagship Sai Vishram,"26/1 sheshadri Road  Anandrao Circle Gandhi Nagar, Bangalore",1061.0,65% off,38.0
96,Super OYO Flagship Blooms Residency Near Baiyappanahalli Metro Station,"Bangalore East, Bangalore",1800.0,65% off,750.0
97,OYO Royal Grand Residency Near Lalbagh Botanical Garden,"Bangalore Karnataka, Bangalore",1164.0,64% off,586.0
98,OYO Flagship Varcity Plaza Near Ragigudda Sri Prasanna Anjaneyaswamy Temple,"Near Cross Road, Maruti Nagar, Bangalore",1272.0,75% off,588.0
99,OYO 18544 Amm Residency,"Mavalli, Bengaluru",1191.0,67% off,2.0
100,Townhouse 038 Global Wings Hotels Near Sri Amruth Chithra Mandira,"Kammanahalli, Bangalore",1517.0,65% off,675.0
101,Flagship Gn Nelli Rooms Near CMR University,"Bengalore-43, Bangalore",1050.0,64% off,240.0
102,Townhouse OAK Hotel Prime,"Near Karnataka Bank, Babusapalya Main Road, Bangalore",2061.0,65% off,917.0
103,OYO Hotel Blue Inn,"Near Bilal masjid, Gurappanapalya, Bangalore",1351.0,67% off,1393.0
104,OYO Hotel Fiesta Grand,"Near Mariyappa Road, Jayanagar Ward, Bangalore",1262.0,64% off,225.0
105,Collection O Tierra Woods,"Bangalore , Bangalore",1628.0,65% off,102.0
106,OYO Flagship 79381 DM Residency Near Goraguntepalya Metro Station,"Rajarajeshwari Nagar Zone, Bangalore",977.0,67% off,179.0
107,OYO Flagship 811000 Atithi Comforts,"Yeshwantpur, Bangalore",981.0,67% off,6.0
108,OYO Royal Inn Near Iskcon Temple Bangalore,"Near 14th Main Road, Rajaji Nagar, Bangalore",988.0,67% off,278.0
109,OYO Flagship 810144 Sunder Nivas,"Yeshwantpur, Bangalore",911.0,67% off,28.0
110,Super OYO Capital O King Suites -hennur Near D Mart,"East Zone, Bangalore",1293.0,65% off,164.0
111,Super OYO Capital O Savi International Near Bengaluru Palace,"Near Mantri Square Mall, Sheshadripuram, Bangalore",2099.0,65% off,1044.0
112,OYO Hotel Diva Residency Near Nayandahalli Metro Station,"Near Syndicate Bank, Gandhi Nagar, Banglore",1228.0,68% off,20.0
113,OYO Home Exotic Stay Bsk 3rd Stage,"Katriguppe, Bangalore",1282.0,64% off,568.0
114,Flagship Pride Inn,"14 Cross Hosur Main Road, Bangalore",1289.0,64% off,373.0
115,OYO Hotel Turista,"Near Central Silk board, BTM Layout, Bangalore",910.0,67% off,1086.0
116,Super OYO Flagship Majestic Near Lalbagh Botanical Garden,"Near Majestic Railway Station, Akkipete, Bangalore",1509.0,65% off,1158.0
117,OYO Home Leva Homes Near Baiyappanahalli Metro Station,"Mahadevapura Zone, Bangalore",1236.0,65% off,1013.0
118,Capital O Gn Suites Near OM SHAKTHI TEMPLE,"Near Sub Registrar Office, Banaswadi, Bangalore",1734.0,65% off,771.0
119,OYO Townhouse 093 Ramamurthy Nagar Near Baiyappanahalli Metro Station,"Near Ramamurthy Nagar Signal, Bangalore,Karnataka",1901.0,65% off,769.0
120,Collection O 812451 The Grand Budget Hotel,"Karnataka , Bangalore",1536.0,67% off,93.0
121,Flagship My Own Nest Near Ragigudda Sri Prasanna Anjaneyaswamy Temple,"Near Srinivasa Temple, Bangalore",1342.0,65% off,223.0
122,OYO Flagship 5590 Ujwal Residency,"Near Indian Oil Petrol Bunk, Divanarapalya, Bangalore",1179.0,67% off,20.0
123,OYO Flagship 810304 New Pavithra Paradise,"No 462 3rd Phase 3rd Block Havanur Circle Basaveshwaranagar Bangalore, Bangalore",1071.0,64% off,278.0
124,OYO Sri Sai Guru Comforts,"Near Kodigihalli Gate, Byatarayanapura, Bangalore",1159.0,65% off,75.0
125,Flagship Elite Stay Near Ragigudda Sri Prasanna Anjaneyaswamy Temple,"Jp Nagar, Bangalore",1392.0,65% off,14.0
126,SPOT ON 810681 Vasavi Residency,"Bangalor, Bangalore",725.0,70% off,27.0
127,OYO Flagship 810484 Royal Galaxy Lodge,"05th road cross Iblur bus stop. opposite Colombia asia hospital.sarjapur outer ring road. , Bangalore",743.0,72% off,661.0
128,Capital O 70991 Prime Square ,"Centrally Located, Near Kalyan Nagar Bus Stand, 1st stage, Bangalore",1377.0,65% off,231.0
129,OYO Royal Residency Near Hare Krishna Hill,"Near Taj Yeshwantpur, M S K Nagar, Bangalore",1088.0,65% off,254.0
130,OYO 8501 ABHIMAANI COMFORTS,Kanakpura main road metro pillar number 45 nearby Banashankari metro station JP Nagar,1403.0,65% off,271.0
131,Flagship S M Residency Near Mysore Road Metro Station,"Nagarbhavi, Bangalore",1276.0,64% off,14.0
132,Flagship Sree Nandanam Residency,"Bengaluru, Bangalore",1014.0,67% off,837.0
133,OYO Townhouse 076 Hebbal,"Dasarahalli, Bangalore",1950.0,65% off,514.0
134,Super OYO Exotica Hotels Near Ragigudda Sri Prasanna Anjaneyaswamy Temple,"Near Jayadeva Flyover, BTM Layout, Bangalore",1876.0,64% off,126.0
135,OYO Flagship V R Residency Near Sri Amruth Chithra Mandira,"Centrally Located, Near 4th block, HBR Layout, Bangalore",1398.0,65% off,96.0
136,Collection O 62387 Emara Grand Hotel,"H S R Layout, Bangalore",2489.0,65% off,8.0
137,OYO Flagship 80878H Century Gardens,"Bengaluru, Bangalore",1412.0,65% off,203.0
138,Hotel Telehaus International Near Lalbagh Botanical Garden,"Near Karnataka Bank, Shanti Nagar, Bangalore",2099.0,65% off,99.0
139,OYO Townhouse 078 DODDA BANASWADI,"Near Udupi Upachar, Lakshmamma Layout, Bangalore",2082.0,65% off,287.0
140,Flagship Hotel Amster Inn,"Near Mysore RD. Metro Station, FCI Layout, Bangalore",1500.0,65% off,1.0
141,Collection O 812391 Sri Skanda Inn,"Venugopal Reddy Layout, Bangalore",1384.0,67% off,4.0
142,Collection O B Six Hotel,"Kalasipalyam Main Road, Bangalore",2392.0,65% off,159.0
143,OYO Flagship 810923 Hotel Shiva International,"Bangalore, Bangalore",1286.0,68% off,13.0
144,Collection O Fortune Rooms,"Karnataka , Bangalore",1538.0,65% off,14.0
145,Collection O Ira International Boutique Hotel,"India, Bangalore",2211.0,65% off,7.0
146,OYO Flagship 81138 Gm royals,"Karnataka, Bangalore",643.0,69% off,13.0
147,Collection O Metro O Comforts,"JP Nagar Metro Station, JP Nagar, Bangalore",1566.0,65% off,23.0
148,OYO Flagship 810805  My Own Nest II Ramamurthy Nagar,"Devki Apparao Layout, Bangalore",1442.0,67% off,90.0
149,Palette - Hotel Metro View Inn,"India, Bangalore",2601.0,47% off,9.0
150,OYO Flagship 69693 The Royal Park ,"Near OYE Amritsar, New Tippasandra, Banglore",2339.0,65% off,1.0
151,OYO Flagship 44601 Cloud Stay,"Near Sai Baba Temple, Kudlu Gate, Bangalore",1773.0,65% off,417.0
152,Collection O 809961 New Royal Serenity Inn,"India , Bangalore",1772.0,65% off,1248.0
153,Super OYO Flagship Archana Inn Near Lalbagh Botanical Garden,"Near Minerva Circle, JC Road, Bangalore",1189.0,65% off,137.0
154,Collection O Premium Eden Au Lac Near Sri Someshwara Swami Temple,"Near Indiranagar Police Station, Indiranagar, Bangalore",1953.0,64% off,200.0
155,OYO Flagship 92604 Sp Residency Near Ragigudda Sri Prasanna Anjaneyaswamy Temple,"Btm 2nd Stagenull, Bangalore",890.0,73% off,185.0
156,OYO Flagship NR Residency Near Nexus Mall Koramangala,"Near Teacher's colony Park, Jakkasandra, Bangalore",1050.0,76% off,249.0
157,OYO Flagship 7558 Galaxy Inn,"Shivaji Nagar, Bangalore",1781.0,65% off,63.0
158,OYO Nr Royal Near Nexus Mall Koramangala,"Sector 6, HSR Layout Ward, Bommanahalli Zone, Bengaluru, Bangalore South, Bangalore Urban, Karnataka",1272.0,65% off,1273.0
159,OYO Flagship 13043 SREE SAI SUITES,"Near SBI Bank, RT Nagar Main Road, Bangalore",1672.0,65% off,2372.0
160,Super OYO Flagship Olivia Comforts Near Nexus Mall Koramangala,"Near Eat Street, Kormangala, Bangalore",2717.0,67% off,4151.0
161,Super OYO Collection O Compact Green View Near Nexus Mall Koramangala,"Near Ejipura Bus stand, Ashwini Layout, Bangalore",598.0,71% off,1101.0
162,Super OYO Flagship Varcity Phi Premium Pavilion Near Ragigudda Sri Prasanna Anjanayeswamy Temple,"B T M Layout, Bangalore",1361.0,64% off,1995.0
163,Flagship White Fort Near Lalbagh Botanical Garden,"Dispensary Rd, Kalasipalya,Bangalore",572.0,68% off,1762.0
164,Capital O Elegant Amethyst Business Hotel Near Ragigudda Sri Prasanna Anjaneyaswamy Temple,"5th Block, Jayanagar, Bangalore",576.0,72% off,1434.0
165,Super OYO Hotel Subha Residency Near Cubbon Park,"Majestic, Bangalore",677.0,75% off,431.0
166,Capital O Victorian Comforts Near Sri Someshwara Swami Temple,"Near Adams Creation, Victoria Layout, Bangalore",581.0,75% off,165.0
167,Flagship Hotel Gurudev Residency Near Cubbon Park,"Gandhi Nagar, Bangalore",1519.0,65% off,1004.0
168,SPOT ON Hotel Sri Thirumala Lodge,"Opp BHEL, Bangalore",960.0,67% off,888.0
169,Collection O Naidu Palace Near Iskcon Temple Bangalore,"Near Dhobi Ghat junction, Rajajinagar, Bangalore",1066.0,67% off,103.0
170,Super OYO Townhouse 258 Spruce Hotels Bellandur,"Bellandur, Bangalore",819.0,67% off,129.0
171,Collection O 808132 Status Suites,"Bangalore , Bangalore",768.0,67% off,798.0
172,OYO Exotic Stay Bg Road,"Bangalore Urban, Bangalore",699.0,80% off,2919.0
173,SPOT ON A Class Suites Near Hare Krishna Hill,"Bangalore Urban, Bangalore",599.0,76% off,943.0
174,OYO Varcity Park Near Ragigudda Sri Prasanna Anjaneyaswamy Temple,"Near SV Hospitals, Madiwala, Bangalore",576.0,77% off,562.0
175,Flagship Aayush Corporate Stays Near Nexus Mall Koramangala,"Near Maharaja Signal, Kormangala, Bangalore",576.0,67% off,709.0
176,OYO Shree Mookambika Guest House Near Sri Someshwara Swami Temple,"Kormangla, Bangalore",549.0,72% off,1086.0
177,OYO Corner Golf View Near Sri Someshwara Swami Temple,"Domlur, Bangalore",808.0,74% off,1320.0
178,Home Shiva Shakthi Inn Near Ragigudda Sri Prasanna Anjaneyaswamy Temple,"J P Nagar, Bangalore",899.0,65% off,2881.0
179,Super OYO Hotel Resida Elite Service Apartments Near Sri Someshwara Swami Temple,"Near Domlur Bridge, Indiranagar, Bangalore",1049.0,67% off,140.0
180,Super OYO Townhouse 610 Derawal Nagar,"Near Vinayak Hoptiat, Gujranwala Town, Delhi",2011.0,65% off,3508.0
181,OYO Shubh Guest House,"C1/64 Main Sarvice Road Soniya Vihar 3 Rd Pusta, Delhi",1002.0,65% off,337.0
182,OYO Townhouse 868 Dream Connect Near TDI Mall,"Wz-3 Opp Pillor No 322 Moti Nagar Delhi, Delhi",1282.0,64% off,61.0
183,OYO Blue Diamond Near Jahangirpuri Metro Station,"Opp. Metro Pillar No. 102, Near Sai Baba Mandir, Adarsh Nagar, Delhi",921.0,67% off,864.0
184,Flagship Hotel Diamond Tree,"New Delhi, Delhi",1252.0,65% off,848.0
185,OYO The Chill Palace Near Haiderpur Metro Station,"North West Delhi, Delhi",1552.0,67% off,4273.0
186,Flagship The Mayur Hotel ,"Tri Nagar, Delhi",1441.0,67% off,170.0
187,OYO Hotel Landmark Inn,Near Karol Bagh Metro Station,576.0,67% off,249.0
188,Flagship Hotel Happy Moments,"Near Divine Hospital, Delhi",759.0,67% off,735.0
189,Collection O Radisson Blue Hotel Nearby Khajuri chowk-Signature Bridge,"Bhajanpura, Delhi",643.0,69% off,427.0
190,Flagship Kashish Residency Near Model Town Metro Station,"Ashok Vihar-3, Delhi",1048.0,67% off,180.0
191,OYO Flagship 812491 Hotel Siddhartha Guest House,"Seelampur, Delhi",811.0,68% off,75.0
192,OYO Hotel New Tech India,"Near Jhandewalan, Nai Walan, Delhi",845.0,67% off,23.0
193,Flagship Sr Residency Near CCD,"Block B, Delhi",549.0,69% off,49.0
194,OYO Home Hotel New Singh Near Adarsh Nagar Metro Station,"Near Metro Pillar No 103, Delhi",899.0,77% off,342.0
195,OYO 81212 White House Residency Near Haiderpur Metro Station,"108,Street Number 3, Shalimar Bagh Village, New Delhi",839.0,67% off,168.0
196,OYO Flagship 810701 Mayura Residency,"Maharam Mohalla, Delhi",966.0,67% off,2171.0
197,OYO Townhouse 816 The Diamond Tree Near Dilshad Garden Metro Station,D-75 near dilshad garden metro station,576.0,73% off,1289.0
198,OYO Hotel Prince Near Haiderpur Metro Station,"Haiderpur Village, Delhi",666.0,67% off,769.0
199,Flagship Hotel Grow More Near Shiv Mandir,"East Babarpur, Delhi",951.0,67% off,610.0
200,Super OYO Townhouse 057 Gujranwala Town Near Azadpur Metro Station,"Tehsil, Delhi",996.0,67% off,545.0
201,OYO Hotel J Joy,"MAIN FAIZ ROAD  Above SBI BANK), KAROL BAGH",1321.0,70% off,1807.0
202,OYO Hotel Sun City Near Gurudwara Shri Bangla Sahib,"Near Karol Bagh, Channa Market, Delhi",799.0,73% off,103.0
203,OYO Sushma Ssadan,"Sawan Park Ashok Vihar Phase 3 Model Town Tehsil, Delhi",1384.0,67% off,15.0
204,OYO Flagship 2064 Hotel The Spot,"New Delhi, Delhi",599.0,66% off,118.0
205,OYO Hotel City Castle,"Near Karol Bagh, Nai Walan, Delhi",916.0,67% off,17.0
206,Flagship Hotel S Inn,"Paharganj New Delhi, Delhi",575.0,72% off,11.0
207,OYO Flagship 81012 S P Rooms,"Mahendra Park, Delhi",1768.0,65% off,148.0
208,OYO Kochar Plaza Near Satyam Inox Patel Nagar,"Near Liberty Cinema, New Rohtak Rd, Delhi",1084.0,67% off,43.0
209,OYO Flagship 810341 Hotel Royal Plaza,"wz 523/1 bali nagar extension, Delhi",1794.0,65% off,7.0
210,Collection O 811864 Hotel Aura Stay,"Paharganj, Delhi",776.0,67% off,62.0
211,Flagship Hotel Happiness Inn Near Tdi Mall,"Karampura, Delhi",1236.0,67% off,4.0
212,OYO Flagship 810642 Hotel KD Homes,"wazirabad near book shop opposite mohalla clinic Delhi, Delhi",1115.0,67% off,36.0
213,OYO Ms Residency,"Near to Aarash nagar metro station pillar no:-104, Delhi",1490.0,67% off,65.0
214,OYO Flagship 35359 Hotel Victoria Dx,"Near New Delhi Railway Station, Delhi",851.0,67% off,17.0
215,OYO 811030 Ocean Guest House,"Brij Puri, Delhi",1156.0,67% off,28.0
216,OYO Flagship 81042 Step Inn International,"Delhinull, Delhi",1152.0,67% off,2.0
217,Flagship Hotel Sun Shine,"Shakarpur Main Market, Delhi",1005.0,67% off,913.0
218,OYO Flagship 811700 Hotel Iconiic Residency Inn,"Old Rajendra Nagar delhinull, Delhi",1156.0,67% off,325.0
219,OYO Flagship 811671 Hotel Swagat Dx,"New Delhi, Delhi",910.0,67% off,310.0
220,OYO 78699 Hotel Klick International,", Delhi",807.0,70% off,28.0
221,Collection O Hotel Ambience Near Gurudwara Shri Bangla Sahib,"Near New Delhi Railway Station, Delhi",583.0,67% off,197.0
222,OYO Hotel Delhi Delight Near Sarai Rohilla Railway station,"Near Sarai Rohilla Railway Station, Delhi",1996.0,64% off,102.0
223,Flagship Hotel V K Stay,"Aarakashan Road  near Delhi Railway Station), Delhi",1360.0,65% off,1036.0
224,OYO Kl Khari Near Satyam Inox Patel Nagar,"Industrial Area, Delhi",899.0,69% off,992.0
225,OYO Shoolin Residency Near M2k Cinemas Rohini,"Near M2k Cinema, Delhi",770.0,66% off,3198.0
226,Flagship Dream Inn Near Akshardham,"Chander Vihar Near Aggarwal Sweets East Delhi, Delhi",651.0,71% off,17.0
227,OYO Townhouse 511 Prakash continental Near Netaji Subhash Place Metro Station,"Netaji Subash Palace, Delhi",1670.0,65% off,651.0
228,OYO Hotel Sun Palace,"Karol Bagh, Delhi",1000.0,67% off,787.0
229,OYO Townhouse 118 Gagan Vihar Near V3S Mall,"Near RG Stone hospital , Hargobind Enclave, Delhi",1004.0,67% off,10.0
230,OYO Flagship 80769 Seven Heaven ,"B-54 Lawrence Road Industrial Area Near Lawrence Road, Delhi",1670.0,65% off,311.0
231,Capital O Season Grand Near Pitampura metro station,Near Pitampura metro station,799.0,79% off,560.0
232,OYO 74596 Dream Town Near V3S Mall,"Shahdara, Delhi",1444.0,67% off,389.0
233,OYO Flagship 812357 Hotel Landmark Deluxe,"Karol Bagh, Delhi",2101.0,65% off,18.0
234,Flagship King Stay Near Tdi Mall,"Block N, Delhi",1414.0,67% off,113.0
235,Flagship Hotel BR International,"Paharganj, Delhi",581.0,67% off,31.0
236,OYO Hotel Bramhaputra,"Centrally Located, Near New Delhi Railway Station, Delhi",599.0,74% off,171.0
237,OYO Flagship 27928 Hotel Vintage ,"Near RK Ashram Metro station, Delhi",549.0,82% off,235.0
238,Flagship Ram Bnb,"Faiz Road Karol Bagh New Delhi, Delhi",1029.0,67% off,606.0
239,OYO Flagship 80289 Hotel Neha Inn Near Jama Masjid,"Paharganj  near Delhi Railway Station)null, Delhi",1628.0,65% off,16.0
240,Flagship Hotel Cozzy Homes Stay Near Gurudwara Shri Bangla Sahib,"Raje Der Nagar, Delhi",770.0,66% off,98.0
241,Flagship Rs Hotels Near M2k Cinemas Rohini,"Shiva Market, Delhi",910.0,67% off,757.0
242,OYO Townhouse 1130 262 Kailash Enclave Near M2K Cinemas Rohini,"Harsh Vihar, Delhi",576.0,67% off,551.0
243,OYO Flagship 66745 Le Orange,"8880-81, Gali Number 2, Multani Dhanda, Paharganj, New Delhi, Delhi - 110055",1345.0,65% off,918.0
244,OYO Le Alfanso Near Jama Masjid,"Near New Delhi Railway Station, Delhi",599.0,74% off,2.0
245,OYO Hotel Park View Near Adarsh Nagar Metro Station,"Near Adarsh nagar, Matmy Memar, Delhi",957.0,67% off,1343.0
246,Flagship Green High Near Laxmi Nagar Metro Station,"NEAR FRUIT POWER, Laxmi Nagar Metro Station, Delhi",839.0,67% off,29.0
247,OYO Townhouse 286 Near Kohat Enclave Metro Station ,"Near Pitampura Metro Station, Delhi",744.0,68% off,82.0
248,OYO Flagship 69760 Hotel Anchal Deluxe,"Near New Delhi Railway Station, Delhi",731.0,70% off,722.0
249,Collection O Ramji 7 Grand Near Tdi Mall,"Near Kirti Nagar Metro Station, Delhi",852.0,69% off,1020.0
250,Collection O Metro View Ashok Vihar Near Shalimar Bagh Metro Station,"Pocket C 1, Delhi",1481.0,65% off,82.0
251,OYO Flagship 81569 The Red Rose Inn,"India, Delhi",677.0,75% off,856.0
252,OYO Hotel Grand Peepal,"Near Karol Bagh metro, WEA, Delhi",1005.0,67% off,6.0
253,OYO Hotel J P Inn Near Satyam Inox Patel Nagar,"Near Patel Nagar Metro, Block 1, Delhi",1360.0,65% off,80.0
254,OYO Flagship R K Residency Near Jhilmil Metro Station,"488/5a Mcd Primary School Dilshad Garden, Delhi",549.0,69% off,319.0
255,Meet You There Shakarpur,"Shakarpur Laxmi Nagar Metro, Delhi",1767.0,65% off,395.0
256,Hotel City Plaza,"Near Laxmi Nagar, Delhi",1360.0,65% off,757.0
257,Flagship Hotel R.k Near Akshardham,"Near South Ganesh Nagar, Delhi",996.0,67% off,31.0
258,Collection O Hotel Green Palace Near V3S Mall,"H.no.-a3 Block A Jagat Puri Red Light Near Sbi Bank Jagat Puri East Delhi, Delhi",595.0,68% off,15.0
259,Super OYO 703579 Flagship Santosh Residency Near V3s Mall,"Vishwas Nagar, Delhi",1414.0,67% off,166.0
260,OYO Hotel Park View Near Adarsh Nagar Metro Station,"Near Adarsh nagar, Matmy Memar, Delhi",1767.0,65% off,6.0
261,OYO Flagship 80289 Hotel Neha Inn Near Jama Masjid,"Paharganj  near Delhi Railway Station)null, Delhi",731.0,70% off,4.0
262,OYO Flagship 81012 S P Rooms,"Mahendra Park, Delhi",1360.0,65% off,4.0
263,OYO Hotel Crown Continental Near Sarai Rohilla Railway Station,"11005, Delhi",800.0,67% off,53.0
264,Hotel City Plaza,"Near Laxmi Nagar, Delhi",1257.0,65% off,65.0
265,Collection O 811248 Hotel Crystal Stay,"old Arjun Nagar, Delhi",1705.0,65% off,38.0
266,OYO 811030 Ocean Guest House,"Brij Puri, Delhi",996.0,67% off,262.0
267,OYO 804648 Hotel SP Deluxe ,"Near Gurudwara Shri Bangla Sahib, New Delhi",1226.0,67% off,864.0
268,Flagship Hansa Residency Near Akshardham,"Laxmi Nagar, Delhi",852.0,69% off,18.0
269,Flagship Hotel Dp Palace Near Jama Masjid,"Delhi, Delhi",1449.0,59% off,12.0
270,Flagship 18618 Ocean Blue Residency Near V3S Mall," A-14 Pridarshni Vihar Laxminagar, Delhi",1943.0,65% off,5.0
271,OYO The Chill Palace Near Haiderpur Metro Station,"North West Delhi, Delhi",1314.0,67% off,141.0
272,OYO Flagship 27928 Hotel Vintage ,"Near RK Ashram Metro station, Delhi",1481.0,65% off,16.0
273,OYO Flagship 805147 Hotel Sona International Near Gurudwara Shri Bangla Sahib,"Paharganj  near Delhi Railway Station)null, Delhi",1360.0,65% off,33.0
274,OYO Flagship 811430 Hotel Mayur Inn,"B-3 Near DA BLOCK SHALIMAR VILLAGE, Delhi",1334.0,65% off,3.0
275,OYO Hotel Emporio Near Jama Masjid,"Near Shela Cinema, DB Gupta Road, Delhi",989.0,64% off,82.0
276,OYO Flagship 66745 Le Orange,"8880-81, Gali Number 2, Multani Dhanda, Paharganj, New Delhi, Delhi - 110055",696.0,79% off,141.0
277,Flagship Deva Guest House Near Johari Enclave Metro Station,"Ganga Enclave Delhi, Delhi",1360.0,65% off,65.0
278,OYO Flagship 811181 Golden Key Inn,"plot no 341 Shalimar village opposite railway live, Delhi",2048.0,67% off,12.0
279,OYO Flagship R K Residency Near Jhilmil Metro Station,"488/5a Mcd Primary School Dilshad Garden, Delhi",632.0,75% off,22.0
280,OYO Hotel Emporio Near Jama Masjid,"Near Shela Cinema, DB Gupta Road, Delhi",909.0,67% off,125.0
281,Flagship Hansa Residency Near Akshardham,"Laxmi Nagar, Delhi",2306.0,67% off,33.0
282,OYO Flagship 805147 Hotel Sona International Near Gurudwara Shri Bangla Sahib,"Paharganj  near Delhi Railway Station)null, Delhi",2190.0,70% off,72.0
283,OYO Flagship 83552 Anchal Guest House,"India, Delhi",2048.0,67% off,38.0
284,Collection O 811806 Orange Saffron,"Shakurpurnull, Delhi",799.0,75% off,132.0
285,OYO Hotel Town ,Near Karol bagh metro station,1470.0,69% off,191.0
286,Flagship Deva Guest House Near Johari Enclave Metro Station,"Ganga Enclave Delhi, Delhi",576.0,80% off,263.0
287,Flagship Hotel Hans Dx Near Jama Masjid,"Paharganj  near Delhi Railway Station), Delhi",1195.0,67% off,262.0
288,Flagship Hotel Dp Palace Near Jama Masjid,"Delhi, Delhi",1130.0,67% off,6.0
289,SPOT ON Shyam Palace Near Gurudwara Shri Bangla Sahib,"Near R K Ashram Metro Station, Pahar Ganj, Delhi",1817.0,65% off,9.0
290,Capital O Hotel Sunberry,"New Delhi, Delhi",859.0,71% off,62.0
291,OYO 80168 Green Villa,"Near KOSMOS Hospital, Anand Vihar, Delhi C-61 Above SBI Bank",1049.0,65% off,123.0
292,Flagship 18618 Ocean Blue Residency Near V3S Mall," A-14 Pridarshni Vihar Laxminagar, Delhi",626.0,73% off,1.0
293,OYO Flagship 80919 Hotel Vinayaka Inn Near Gurudwara Shri Bangla Sahib,", Delhi",1692.0,66% off,3577.0
294,Flagship Hotel City Heart,"Paharganj , Delhi",949.0,64% off,138.0
295,OYO TOWNHOUSE  R K Residency Near Mother dairy gate no. 2,"Flat No 3 Near Fair Deal South Ganesh Nagar, Delhi",1820.0,65% off,115.0
296,Collection O Dayz Inn Deluxe Near Satyam Inox Patel Nagar,"B Block Lawrence Road Industrial Area Near Keshavpuram Fire Station Delhi 110035, Delhi",449.0,86% off,270.0
297,OYO Flagship 80818 Hotel Metro Inn Near Gurudwara Shri Bangla Sahib,"Aram Bagh Paharganj Delhi, Delhi",1045.0,67% off,2846.0
298,SPOT ON Hotel Silver Palace Dx,"Near RK ASHRAM METRO STATION, Pahar Ganj, Delhi",1008.0,67% off,72.0
299,SPOT ON 812212 Country Residency,"Laxmi Nagar, Delhi",918.0,67% off,22.0
300,Flagship Kashish Residency,"single storey, Delhi",953.0,67% off,352.0
301,OYO Townhouse 738 Family In,"Raj Block Naveen Shahdara Delhi, Delhi",1130.0,64% off,1215.0
302,Super OYO Collection O Shalimar Bagh Near Haiderpur Metro Station,"Shalimar Village, Delhi",1668.0,67% off,3.0
303,Flagship Hotel Signature Village,"Near KD Campus, Gali No. 6A, Gopalpur Village",1793.0,64% off,2.0
304,Flagship Good Will Near Haiderpur Metro Station,"Gobind Mohalla, Delhi",1142.0,67% off,2.0
305,OYO Flagship 84596 Hotel North Campus,"Civil Lines Tehsilnull, Delhi",1788.0,65% off,1.0
306,OYO Flagship 811530 Bed Box,"gali no 1 kamla nagar, Delhi",1232.0,67% off,34.0
307,Collection O Model Town Metro View Near Model Town Metro Station,"Near Model Town Metro Station, Delhi",1262.0,64% off,7286.0
308,OYO Flagship 79243 Hotel Greenwoods,"Paharganj, Delhi",1036.0,67% off,324.0
309,OYO Flagship 811844 Yes Sir Guest House,"PAHARGANJ, Delhi",777.0,75% off,1945.0
310,SPOT ON Jain House Near V3s Mall,"Near East Azad Nagar, Azadnagar, Delhi",1747.0,65% off,1925.0
311,OYO Flagship 811980 Hotel Rainbow,"Block A kewal park extension opposite metro pillar number 78 Azadpur Delhi 110033, Delhi",688.0,72% off,1688.0
312,Collection O 23641 Hotel Cozy Vibes Stay,"Near Inderlok Metro Station, Anandnagar, Delhi",627.0,73% off,5595.0
313,OYO Flagship 81175 Hotel Moon Stay,"New Delhi, Delhi",909.0,67% off,1558.0
314,Flagship Crown Town Guest House,"near by Mandoli Jail Back Side, Delhi",1614.0,65% off,990.0
315,OYO 811874 Hotel Maharaja,"Address- Shop No : 30-32-34 Old Market Main Bus Stand Timarpur Delhi 110054.  Opposite DTC Bus Stand, Delhi",679.0,68% off,94.0
316,OYO Flagship 812028 Brownie,"BS Colony Vishwas Nagar Delhi 110032, Delhi",984.0,67% off,5054.0
317,SPOT ON 812286 Shivam Guest House ,"3 Katra baryan laal Kuan farash khana Chandni chowk, Delhi",1587.0,65% off,1555.0
318,Flagship Mannat Residency Near Shiv Vihar Metro Station,"Near David School, Delhi",1912.0,64% off,3064.0
319,OYO Flagship 811723 Hotel Sai Ram,"Azadpur, Delhi",1005.0,67% off,690.0
320,Super OYO Townhouse 143 Hotel Royal Garden Near park Street Mullick bazar crossing,"Near Jameson Inn, Park St, Kolkata",1106.0,67% off,3237.0
321,Flagship The Nest Inn Near Acropolis Mall,"Near Raj Market, Kolkata",2032.0,65% off,194.0
322,Flagship Royal Plaza Near Acropolis Mall,"Near GST Bhawan, Ruby, Acropolis Mall",890.0,65% off,5158.0
323,Collection O Hotel Hamza International Near Howrah Bridge,"Near College Street, MG Road, Kolkata",1086.0,67% off,1162.0
324,Super OYO Townhouse 1050 Centre Point Inn Near Esplanade Metro Station,"Beside K C Das Sweet Esplanade Post Office, Kolkata",791.0,67% off,1684.0
325,OYO Townhouse 229 Hotel Mannat International Near Science City Topsia,"Near Bypass Connector, Kolkata",1345.0,65% off,152.0
326,Super OYO Collection O Ketan Regency Near Acropolis Mall,953 Purbachal Road adapt House Prince Park Kalikapur  in lane between Tata chroma showroom & Yamaha Moters Showroom,576.0,71% off,661.0
327,Townhouse Oak Hotel Lake View Royal Near Science City,"East Topsia Road, Kolkata",1071.0,67% off,1732.0
328,Flagship R A Homestay Near Acropolis Mall,"Nitai Nagar, Kolkata",990.0,67% off,2324.0
329,Collection O 74257 Gokul Residency,"Near Emami City, Nagerbazar, Dum Dum, Kolkata",925.0,67% off,326.0
330,Super OYO Collection O Hotel Green Leaf Near Acropolis Mall,"Kasba, Kolkata",696.0,76% off,1652.0
331,Super OYO Townhouse 726 Hotel All In One Near City Centre Salt Lake,DL-34 Karunamoyee Near Anandalok Hospital Bidhannagar Saltlake,1380.0,67% off,1178.0
332,OYO G R Hospitality,"VIP Road Baguihati Kolkata Airport Near Ladies Hostel, Narayantala",820.0,69% off,1063.0
333,SPOT ON Silver Green Near Netaji Subhash Chandra Bose International Airport,"Mondal Ganthi Road, Kaikhali, VIP Road Kolkata 700052, West Bengal",1006.0,67% off,823.0
334,OYO A Retro Near Rdb Cinemas,"Near Tank N0.3, New Town, Rajarhat, Kolkata",1753.0,65% off,695.0
335,Super OYO Townhouse 75779 The Royal Retreat,"Kolkata International Airport, Belghoria Express Way Noapara & Baranagar Metro Station",1050.0,69% off,725.0
336,OYO Kuber Residency Near Birla Mandir,"Near Tagore Park, Kasba, Kolkata",1241.0,65% off,756.0
337,Collection O Aafreen Tower Near St. Thomas's Church,"Esplanade, Kolkata",1136.0,68% off,914.0
338,Flagship Hotel Shanavi Chinar Park,"29/2 Sayan Abasan, Nishi Kanan, Beside AR Motors, Chinar Park, Kolkata",1458.0,64% off,17.0
339,Flagship Sonar Bangla Guest House Near Acropolis Mall,"Near G S T Bhawan, Kolkata",576.0,80% off,1094.0
340,Flagship Royal Palace,"Near Acropolis Mall, Purba Abasan, Kolkata",1071.0,67% off,189.0
341,OYO Diamond Plaza Near Acropolis Mall,"Kasbah Northnull, Kolkata",955.0,67% off,81.0
342,Flagship Hotel New Aamaze Inn Near Acropolis Mall,"Near Vivanta Hotel, Kolkata",777.0,75% off,822.0
343,Flagship Delightful Stay Em Byepass Near Birla Mandir,"Uttar Panchanna Gram, Kolkata",1023.0,64% off,1807.0
344,Super OYO Hr Inn Near City Centre Salt Lake,"Bidhannagar, Kolkata",1256.0,67% off,31.0
345,Super OYO SilverKey Deshapriya Park Near Kalighat Kali Temple,"Near EDEN GROUP BUILDING, Manoharpukur, Kolkata",576.0,80% off,828.0
346,OYO Fantasy Stay Near City Centre Salt Lake,"Near Sector 1, Bidhan Nagar, Kolkata",820.0,69% off,733.0
347,Collection O De Sivalika Boutique Near Dakshineswar Kali Temple,"Grand Trunk Road, Belur Math,Kolkata",1050.0,69% off,556.0
348,Flagship Majestic Inn Near Bidhanagar Station,"South Dumdum, Kolkata",816.0,67% off,54.0
349,Collection O Premium Hotel ,"1/B/24, AL BLOCK, STREET NO.22,NEW TOWN, RAJARHAT, KOLKATA",1345.0,65% off,667.0
350,Flagship Diamond Regency Near Birla Mandir,"Near Acropolis Mall, Kolkata",688.0,72% off,1318.0
351,Flagship Hotel Dreamline Near Acropolis Mall,"Near Sbi E-cornernullnull, Kolkata",611.0,72% off,1188.0
352,Collection O Motisarai Near Birla Mandir,"Off Park Street, Kolkata",1164.0,67% off,65.0
353,OYO Pinnacle Auberge,Chinar Park Kolkata International Airport Beside Spencers Rajarhat Main Road,1084.0,67% off,649.0
354,Capital O Fortune Inn Near Birla Mandir,"Kasba, Kolkata",2185.0,65% off,674.0
355,Capital O Kabita Guest House Near Acropolis Mall,Mukundapur Main Road Seven Maddox Square Multi cuisine Restaurant Kolkata EM Bye Pass Opposite Dr. Devi Shetty Hospital,2082.0,65% off,68.0
356,OYO Townhouse 567 MB International,"Beniapukur, Kolkata",746.0,67% off,349.0
357,Flagship Hotel Divira Inn,"New Town, Kolkata",949.0,71% off,637.0
358,Super OYO Sagorika Inn,Chinarpark Amenia; Arsalan,549.0,86% off,497.0
359,Capital O Hotel Gardenia Near Birla Mandir,"Near Laxminarayan Temple, Sarat Bose Road, Kolkata",1654.0,67% off,37.0
360,Flagship Hotel Rockstar Near Birla Mandir,Kolkata Opposite Bangladesh High Commission) Near A.J.C Bose Flyover,1229.0,65% off,1165.0
361,OYO Flagship Vicky Guest House Near City Centre Salt Lake,"Tcs Gitobitan, Kolkata",1458.0,64% off,117.0
362,OYO Rooms 91148 Hotel Stay Inn,"Action Area I, Kolkata",1256.0,67% off,637.0
363,Super OYO Townhouse 095 Akash Ganga Park Circus Near Birla Mandir,"Beniapukur, Kolkata",1030.0,67% off,1115.0
364,Super OYO Trisha Guest House,"Behind New Life Nurshing Home, Oppssite Arati cinema, Sahabagan, Kolkata",1413.0,65% off,35.0
365,Flagship Santoshi Banquet And Marriage Hall Near St. Thomas's Church,"Kulia, Kolkata",1339.0,67% off,489.0
366,OYO Starlight Guest House Near Birla Mandir,"Shantipally Near Acropolis Mall, Kolkata",1636.0,65% off,51.0
367,Super OYO Capital O 700752 Hotel Dak Plaza,"Near Axis Mall, CE Block, Newtown, Kolkata 700156",993.0,67% off,1299.0
368,OYO Flagship 86727 New Diamond Palace,"Kolkata 700107, Kolkata",1334.0,72% off,94.0
369,Collection O Hotel Paradise Near Chinar Park,"Kolkata West Bengal Kolkata, Kolkata",816.0,67% off,349.0
370,OYO Hotel City Of Joy,"Salt Lake, Kolkata",2082.0,65% off,17.0
371,OYO Red Velvet Classic Near Netaji Subhash Chandra Bose International Airport,Kaikhali Above IndusInd Bank ATM Kolkata International Airport 02 Hotel VIP Road,1084.0,67% off,394.0
372,OYO Flagship Monurama Homestay Near Acropolis Mall,"Purba Diganta, Kolkata",2185.0,65% off,32.0
373,OYO Green Leaf Hospitality Near City Centre Salt Lake,FD 390 SECTOR 3 SALT LAKE CENTRAL PARK MANI SQUARE CITY CENTRE 1,929.0,70% off,28.0
374,Flagship Relax View Dumdum Park Near City Centre Salt Lake,"Dum Dum Park, Kolkata",1213.0,67% off,117.0
375,"Super OYO 22566 Red Velvet Inn Near Chinar park,Airport","Near Chinar Park, Backside of NPG Hotel, Opposite Charnock Hospital",1156.0,67% off,35.0
376,Capital O Krish Residency,"Near Action Area I, New Town Bus Stand DLF1, Kolkata, West Bengal",1023.0,64% off,674.0
377,Collection O Avenue Inn Near VIP Road,"288/2 Bangur Avenue Block B, Near Bangur Swimming Pool Jessore Road Diamond Plaza Mall Nagerbazar ",1126.0,65% off,189.0
378,Super OYO Flagship 89087 Brill Rooms Saltlake City Centre,"Saltlake, Kolkata",1426.0,65% off,235.0
379,Super OYO Collection O The Coco Inn Near South City Mall,"Near 13C Bus Stand, Regent Estate, Kolkata",929.0,67% off,20.0
380,Flagship Kalighat,"Near Raja Santosh Road, Alipore, Kolkata",1257.0,65% off,141.0
381,Flagship R A Homestay Near Acropolis Mall,"Nitai Nagar, Kolkata",1323.0,68% off,34.0
382,Collection O Hotel Paradise Near Chinar Park,"Kolkata West Bengal Kolkata, Kolkata",949.0,61% off,141.0
383,OYO Flagship 812089 Laxmi Guest House Jadavpur,"46 Raja S.C.Mallick Road  Raja S.C Mallick Road, Kolkata",878.0,67% off,142.0
384,Flagship Hotel Dreamline Near Acropolis Mall,"Near Sbi E-cornernullnull, Kolkata",3114.0,65% off,60.0
385,OYO Padmavati Projects Pvt Ltd Near Netaji Subhash Chandra Bose International Airport,"Biswa Bangla Sarani Behind Binany Building, Chinar Park, Beside NPG Hotel, Nibedita Apartment , Kolkata 700157",1474.0,68% off,474.0
386,Collection O 811014 Hotel Wow,"SALT LAKE, Kolkata",1023.0,64% off,345.0
387,Flagship Priyangshu Inn,"Madhurdaha, Kolkata",1188.0,65% off,1299.0
388,Flagship Relax View Dumdum Park Near City Centre Salt Lake,"Dum Dum Park, Kolkata",1034.0,67% off,32.0
389,Collection O Avenue Inn Near VIP Road,"288/2 Bangur Avenue Block B, Near Bangur Swimming Pool Jessore Road Diamond Plaza Mall Nagerbazar ",1339.0,65% off,19.0
390,OYO Flagship 812161 Hotel Asha Inn,"BIDHANNAGAR, Kolkata",1041.0,65% off,397.0
391,Super OYO Capital O 700752 Hotel Dak Plaza,"Near Axis Mall, CE Block, Newtown, Kolkata 700156",1463.0,64% off,165.0
392,OYO Pinnacle Auberge,Chinar Park Kolkata International Airport Beside Spencers Rajarhat Main Road,1314.0,72% off,619.0
393,OYO Maa Tara Guest House Near Acropolis Mall,"Near R.N.Tagore Hospital, Nitainagar, Kolkata",1680.0,65% off,125.0
394,Flagship Hmb Guest House Near Salt Lake,"Sector II Salt lake water tank no 8, Kolkata",1660.0,64% off,7.0
395,Flagship Hotel Red Rose Near Noapara Metro Station,"Dum Dum, Kolkata",1334.0,65% off,141.0
396,OYO Townhouse 444 Heera Holiday Inn Near St. Thomas's Church,"51,Elliot Road Park Street Near Assembly Of God Church Adjacent 144668:1076985",1156.0,68% off,141.0
397,Collection O Kyd Guest House Near Indian Museum,"700001, Kolkata",1698.0,65% off,34.0
398,SPOT ON 812338 Om Palace Guest House,"Near Jalsaghar Netaji Nagar, Kolkata",2082.0,65% off,35.0
399,OYO Ma Kali Guest House Near City Centre Salt Lake,"Near FD Block, Bidhannagar, Kolkata",1329.0,65% off,428.0
400,OYO Flagship 90803 Sweet Grove,"Sector V, Kolkata",626.0,79% off,394.0
401,OYO The Olive Near City Centre Salt Lake,"Near Bus Stand, Anandaloke Hospital, Cl Block, Kolkata",1308.0,65% off,621.0
402,OYO Hotel Maruti Lodging,"Above Reliance Trends, Raghunathpur, Kolkata",599.0,82% off,158.0
403,Flagship Kalighat,"Near Raja Santosh Road, Alipore, Kolkata",599.0,77% off,42.0
404,Collection O 811014 Hotel Wow,"SALT LAKE, Kolkata",949.0,68% off,61.0
405,OYO Flagship 805260 Saltlake Palace,"Salt Lakenull, Kolkata",1252.0,67% off,8.0
406,Flagship Amaris Stay Hub Near Science City,"171D/1F/2, 49 Picnic Garden Road, VIP Bazar, Off EM Bypass, Near Science City",699.0,80% off,80.0
407,Flagship Nayak Palace Inn Near Birla Mandir,"Ballygunge, Kolkata",1099.0,67% off,343.0
408,OYO Hotel Nest Near St. Thomas's Church,"Near Bata More, Royd Street, Kolkata",1437.0,67% off,5.0
409,OYO Flagship 76211 Honey Regency Near City Centre Salt Lake,"E C Block, Kolkata",850.0,67% off,334.0
410,Collection O 81128 Enigma,"Ballygunge, Kolkata",1087.0,67% off,55.0
411,OYO Flagship 812161 Hotel Asha Inn,"BIDHANNAGAR, Kolkata",729.0,67% off,195.0
412,Collection O Kyd Guest House Near Indian Museum,"700001, Kolkata",925.0,67% off,209.0
413,Flagship Hotel Red Rose Near Noapara Metro Station,"Dum Dum, Kolkata",815.0,67% off,74.0
414,OYO Townhouse 444 Heera Holiday Inn Near St. Thomas's Church,"51,Elliot Road Park Street Near Assembly Of God Church Adjacent 144668:1076985",811.0,67% off,245.0
415,Flagship Swastik Inn Near South City Mall,"Poddar Nagar, Kolkata",1441.0,67% off,260.0
416,OYO Flagship 76629 Bimla Regency Near Noapara Metro Station,"Police Station, Dum Dum, Kolkata",929.0,67% off,604.0
417,OYO Flagship 812443 MRS Inn,"Sector III, Kolkata",1199.0,57% off,3.0
