Name,Age,Profession,Covid Status,Food Intake,Repeat,Staple,Diet Record,Frequency,New Item,Meals,Rice Amount,Shortage,Hike,Lunch,Sufficiency
Vaibhav Pandey,21,Student,Covid-ve,Veg,0,Roti - Sabji,0,0,None,4,10,0,0,Roti - Sabji,1
Rohit Thorve,22,Student,Covid-ve,Veg,1,Roti - Sabji,0,3,Fruits,2,5,1,0,Roti - Sabji,1
Vaishali Jadhav,42,Working Professional,Covid-ve,Non-Veg,1,Roti - Sabji,0,3,Fruits,4,25,0,1,Chicken,1
Dhiren Kharat,26,Working Professional,Covid-ve,Veg,1,Roti - Sabji,0,3,Immunity Booster Drinks,3,10,0,0,Roti - Sabji,1
Vishal Gejge,21,Student,Covid-ve,Veg,1,Roti - Sabji,0,1,Fruits,3,5,1,1,Roti - Sabji,1
Nikhil Pandey,26,Working Professional,Covid+ve,Non-Veg,1,Rice,0,3,Fruits,4,10,0,0,Roti - Sabji,1
Yash Jadhav,20,Student,Covid-ve,Veg,0,Roti - Sabji,0,3,Sprouts ,2,10,0,0,Roti - Sabji ,1
Rutvi Panchal,19,Student,Covid-ve,Veg,0,Rice,0,3,Immunity Booster Drinks,3,5,1,0,Roti - Sabji,0
Raghav Joshi,23,Student,Covid-ve,Veg,0,Rice,0,1,None,3,25,0,0,Roti - Sabji,1
Mrunali Salunkhe ,26,Student,Covid+ve,Veg,1,Roti - Sabji,0,1,None,3,5,0,0,Roti - Sabji,1
Komal Rathi,27,Working Professional,Covid-ve,Veg,1,Roti - Sabji,1,3,Fruits,4,10,0,0,Dal Rice,1
Tejaswini Bhosale,32,House Wife,Covid-ve,Veg,1,Rice,0,1,Immunity Booster Drinks,4,25,0,1,Dal Rice,1
Mukund Rasge ,23,Student,Covid-ve,Veg,1,Rice,0,3,None,2,5,1,0,Dal Rice,0
Nagaraj Patil,23,Working Professional,Covid-ve,Veg,1,Roti - Sabji,0,3,None,3,5,1,0,Roti - Sabji,1
Shilpa Chipkar,26,Working Professional,Covid-ve,Veg,1,Roti - Sabji,1,3,Immunity Booster Drinks,3,10,0,1,Dal Rice,1
Ritika Jadhav ,19,Student,Covid-ve,Veg,1,Rice,0,1,None,4,10,1,0,Chicken,0
Arjun Ghare,12,Student,Covid-ve,Veg,1,Roti - Sabji,0,1,Fruits,2,15,0,1,Roti - Sabji,1
Kaushal Jadhav ,17,Student,Covid-ve,Non-Veg,1,Roti - Sabji,1,3,Fruits,3,10,0,1,Chicken,1
Bhagyashree Jadhav ,23,Student,Covid-ve,Veg,1,Roti - Sabji,0,1,Fruits,3,10,0,1,Roti - Sabji,1
Yash Mane ,23,Student,Covid-ve,Veg,1,Roti - Sabji,0,1,None,4,15,0,0,Roti - Sabji,1
Aniket Nalgune ,21,Working Professional,Covid+ve,Veg,1,Roti - Sabji,0,1,Fruits,3,5,0,1,Roti - Sabji,1
Milind Jadhav,47,Working Professional,Covid+ve,Veg,1,Rice,1,1,Immunity Booster Drinks,2,15,0,1,Chicken,1
Shiny Lobo,16,Student,Covid-ve,Veg,0,Roti - Sabji,0,1,Fruits,3,5,0,1,Dal Rice,1
Ritika Gore,22,Student,Covid-ve,Veg,0,Roti - Sabji,0,3,Immunity Booster Drinks,3,5,0,1,Roti - Sabji,1
Prathmesh Puri ,22,Student,Covid-ve,Veg,0,Roti - Sabji,0,1,None,4,5,0,0,Roti - Sabji,1
Vrushali Jadhav ,47,House Wife,Covid-ve,Veg,0,Roti - Sabji,0,0,Sprouts ,2,10,0,0,Roti - Sabji,1
Poonam Sharma,21,Working Professional,Covid-ve,Veg,1,Dal,0,3,None,4,10,1,1,Dal Rice,1
